"x= 0, f(x) = 0, t(x) = -0, Yintra = 0, Yextra = 0, Igx = 0.5"
"x= 1, f(x) = 3.99279, t(x) = 68.6787, Yintra = -30.3465, Yextra = 38.3321, Igx = 1.5"
"x= 2, f(x) = 7.97117, t(x) = 96.3719, Yintra = -40.2148, Yextra = 56.1571, Igx = 2.5"
"x= 3, f(x) = 11.9351, t(x) = 117.312, Yintra = -46.7206, Yextra = 70.5909, Igx = 3.5"
"x= 4, f(x) = 15.8847, t(x) = 134.749, Yintra = -51.4899, Yextra = 83.2593, Igx = 4.5"
"x= 5, f(x) = 19.8198, t(x) = 149.945, Yintra = -55.1525, Yextra = 94.7921, Igx = 5.5"
"x= 6, f(x) = 23.7405, t(x) = 163.543, Yintra = -58.0312, Yextra = 105.512, Igx = 6.5"
"x= 7, f(x) = 27.6468, t(x) = 175.93, Yintra = -60.3181, Yextra = 115.612, Igx = 7.5"
"x= 8, f(x) = 31.5387, t(x) = 187.354, Yintra = -62.1381, Yextra = 125.216, Igx = 8.5"
"x= 9, f(x) = 35.4162, t(x) = 197.989, Yintra = -63.5781, Yextra = 134.41, Igx = 9.5"
"x= 10, f(x) = 39.2793, t(x) = 207.961, Yintra = -64.7013, Yextra = 143.26, Igx = 10.5"
"x= 11, f(x) = 43.1279, t(x) = 217.367, Yintra = -65.5556, Yextra = 151.811, Igx = 11.5"
"x= 12, f(x) = 46.9622, t(x) = 226.28, Yintra = -66.1779, Yextra = 160.102, Igx = 12.5"
"x= 13, f(x) = 50.782, t(x) = 234.76, Yintra = -66.5979, Yextra = 168.162, Igx = 13.5"
"x= 14, f(x) = 54.5874, t(x) = 242.854, Yintra = -66.8394, Yextra = 176.014, Igx = 14.5"
"x= 15, f(x) = 58.3784, t(x) = 250.601, Yintra = -66.9223, Yextra = 183.679, Igx = 15.5"
"x= 16, f(x) = 62.155, t(x) = 258.036, Yintra = -66.8629, Yextra = 191.173, Igx = 16.5"
"x= 17, f(x) = 65.9171, t(x) = 265.185, Yintra = -66.6752, Yextra = 198.509, Igx = 17.5"
"x= 18, f(x) = 69.6649, t(x) = 272.072, Yintra = -66.3712, Yextra = 205.701, Igx = 18.5"
"x= 19, f(x) = 73.3982, t(x) = 278.719, Yintra = -65.9612, Yextra = 212.758, Igx = 19.5"
"x= 20, f(x) = 77.1171, t(x) = 285.142, Yintra = -65.4541, Yextra = 219.688, Igx = 20.5"
"x= 21, f(x) = 80.8216, t(x) = 291.359, Yintra = -64.8578, Yextra = 226.501, Igx = 21.5"
"x= 22, f(x) = 84.5117, t(x) = 297.382, Yintra = -64.1792, Yextra = 233.203, Igx = 22.5"
"x= 23, f(x) = 88.1874, t(x) = 303.224, Yintra = -63.4245, Yextra = 239.799, Igx = 23.5"
"x= 24, f(x) = 91.8486, t(x) = 308.896, Yintra = -62.5992, Yextra = 246.297, Igx = 24.5"
"x= 25, f(x) = 95.4955, t(x) = 314.407, Yintra = -61.7082, Yextra = 252.699, Igx = 25.5"
"x= 26, f(x) = 99.1279, t(x) = 319.768, Yintra = -60.756, Yextra = 259.012, Igx = 26.5"
"x= 27, f(x) = 102.746, t(x) = 324.985, Yintra = -59.7466, Yextra = 265.238, Igx = 27.5"
"x= 28, f(x) = 106.35, t(x) = 330.066, Yintra = -58.6836, Yextra = 271.383, Igx = 28.5"
"x= 29, f(x) = 109.939, t(x) = 335.018, Yintra = -57.5705, Yextra = 277.448, Igx = 29.5"
"x= 30, f(x) = 113.514, t(x) = 339.847, Yintra = -56.4102, Yextra = 283.437, Igx = 30.5"
"x= 31, f(x) = 117.074, t(x) = 344.559, Yintra = -55.2055, Yextra = 289.353, Igx = 31.5"
"x= 32, f(x) = 120.62, t(x) = 349.158, Yintra = -53.959, Yextra = 295.199, Igx = 32.5"
"x= 33, f(x) = 124.151, t(x) = 353.649, Yintra = -52.6732, Yextra = 300.976, Igx = 33.5"
"x= 34, f(x) = 127.668, t(x) = 358.037, Yintra = -51.3502, Yextra = 306.687, Igx = 34.5"
"x= 35, f(x) = 131.171, t(x) = 362.326, Yintra = -49.9921, Yextra = 312.334, Igx = 35.5"
"x= 36, f(x) = 134.659, t(x) = 366.52, Yintra = -48.6007, Yextra = 317.92, Igx = 36.5"
"x= 37, f(x) = 138.133, t(x) = 370.622, Yintra = -47.1779, Yextra = 323.445, Igx = 37.5"
"x= 38, f(x) = 141.593, t(x) = 374.636, Yintra = -45.7253, Yextra = 328.911, Igx = 38.5"
"x= 39, f(x) = 145.038, t(x) = 378.564, Yintra = -44.2444, Yextra = 334.32, Igx = 39.5"
"x= 40, f(x) = 148.468, t(x) = 382.41, Yintra = -42.7367, Yextra = 339.674, Igx = 40.5"
"x= 41, f(x) = 151.885, t(x) = 386.177, Yintra = -41.2036, Yextra = 344.973, Igx = 41.5"
"x= 42, f(x) = 155.286, t(x) = 389.866, Yintra = -39.6463, Yextra = 350.219, Igx = 42.5"
"x= 43, f(x) = 158.674, t(x) = 393.48, Yintra = -38.0661, Yextra = 355.414, Igx = 43.5"
"x= 44, f(x) = 162.047, t(x) = 397.022, Yintra = -36.4641, Yextra = 360.558, Igx = 44.5"
"x= 45, f(x) = 165.405, t(x) = 400.493, Yintra = -34.8413, Yextra = 365.652, Igx = 45.5"
"x= 46, f(x) = 168.75, t(x) = 403.897, Yintra = -33.1988, Yextra = 370.698, Igx = 46.5"
"x= 47, f(x) = 172.079, t(x) = 407.234, Yintra = -31.5376, Yextra = 375.696, Igx = 47.5"
"x= 48, f(x) = 175.395, t(x) = 410.506, Yintra = -29.8585, Yextra = 380.648, Igx = 48.5"
"x= 49, f(x) = 178.695, t(x) = 413.716, Yintra = -28.1625, Yextra = 385.553, Igx = 49.5"
"x= 50, f(x) = 181.982, t(x) = 416.865, Yintra = -26.4503, Yextra = 390.414, Igx = 50.5"
"x= 51, f(x) = 185.254, t(x) = 419.954, Yintra = -24.7228, Yextra = 395.231, Igx = 51.5"
"x= 52, f(x) = 188.512, t(x) = 422.985, Yintra = -22.9807, Yextra = 400.004, Igx = 52.5"
"x= 53, f(x) = 191.755, t(x) = 425.959, Yintra = -21.2246, Yextra = 404.735, Igx = 53.5"
"x= 54, f(x) = 194.984, t(x) = 428.878, Yintra = -19.4554, Yextra = 409.423, Igx = 54.5"
"x= 55, f(x) = 198.198, t(x) = 431.743, Yintra = -17.6736, Yextra = 414.07, Igx = 55.5"
"x= 56, f(x) = 201.398, t(x) = 434.556, Yintra = -15.8798, Yextra = 418.676, Igx = 56.5"
"x= 57, f(x) = 204.584, t(x) = 437.317, Yintra = -14.0747, Yextra = 423.242, Igx = 57.5"
"x= 58, f(x) = 207.755, t(x) = 440.028, Yintra = -12.2588, Yextra = 427.769, Igx = 58.5"
"x= 59, f(x) = 210.912, t(x) = 442.689, Yintra = -10.4327, Yextra = 432.256, Igx = 59.5"
"x= 60, f(x) = 214.054, t(x) = 445.302, Yintra = -8.59687, Yextra = 436.705, Igx = 60.5"
"x= 61, f(x) = 217.182, t(x) = 447.868, Yintra = -6.75185, Yextra = 441.116, Igx = 61.5"
"x= 62, f(x) = 220.296, t(x) = 450.387, Yintra = -4.89812, Yextra = 445.489, Igx = 62.5"
"x= 63, f(x) = 223.395, t(x) = 452.861, Yintra = -3.03613, Yextra = 449.825, Igx = 63.5"
"x= 64, f(x) = 226.479, t(x) = 455.291, Yintra = -1.16633, Yextra = 454.125, Igx = 64.5"
"x= 65, f(x) = 229.55, t(x) = 457.677, Yintra = 0.710833, Yextra = 458.388, Igx = 65.5"
"x= 66, f(x) = 232.605, t(x) = 460.021, Yintra = 2.59496, Yextra = 462.616, Igx = 66.5"
"x= 67, f(x) = 235.647, t(x) = 462.322, Yintra = 4.48563, Yextra = 466.808, Igx = 67.5"
"x= 68, f(x) = 238.674, t(x) = 464.583, Yintra = 6.38248, Yextra = 470.965, Igx = 68.5"
"x= 69, f(x) = 241.686, t(x) = 466.803, Yintra = 8.28512, Yextra = 475.088, Igx = 69.5"
"x= 70, f(x) = 244.685, t(x) = 468.983, Yintra = 10.1932, Yextra = 479.176, Igx = 70.5"
"x= 71, f(x) = 247.668, t(x) = 471.124, Yintra = 12.1064, Yextra = 483.231, Igx = 71.5"
"x= 72, f(x) = 250.638, t(x) = 473.227, Yintra = 14.0243, Yextra = 487.251, Igx = 72.5"
"x= 73, f(x) = 253.593, t(x) = 475.292, Yintra = 15.9466, Yextra = 491.239, Igx = 73.5"
"x= 74, f(x) = 256.533, t(x) = 477.321, Yintra = 17.8731, Yextra = 495.194, Igx = 74.5"
"x= 75, f(x) = 259.459, t(x) = 479.312, Yintra = 19.8033, Yextra = 499.116, Igx = 75.5"
"x= 76, f(x) = 262.371, t(x) = 481.268, Yintra = 21.7371, Yextra = 503.005, Igx = 76.5"
"x= 77, f(x) = 265.268, t(x) = 483.189, Yintra = 23.674, Yextra = 506.863, Igx = 77.5"
"x= 78, f(x) = 268.151, t(x) = 485.075, Yintra = 25.6139, Yextra = 510.689, Igx = 78.5"
"x= 79, f(x) = 271.02, t(x) = 486.927, Yintra = 27.5565, Yextra = 514.483, Igx = 79.5"
"x= 80, f(x) = 273.874, t(x) = 488.745, Yintra = 29.5015, Yextra = 518.246, Igx = 80.5"
"x= 81, f(x) = 276.714, t(x) = 490.53, Yintra = 31.4487, Yextra = 521.978, Igx = 81.5"
"x= 82, f(x) = 279.539, t(x) = 492.282, Yintra = 33.3977, Yextra = 525.68, Igx = 82.5"
"x= 83, f(x) = 282.35, t(x) = 494.002, Yintra = 35.3484, Yextra = 529.351, Igx = 83.5"
"x= 84, f(x) = 285.146, t(x) = 495.691, Yintra = 37.3006, Yextra = 532.991, Igx = 84.5"
"x= 85, f(x) = 287.928, t(x) = 497.348, Yintra = 39.2539, Yextra = 536.602, Igx = 85.5"
"x= 86, f(x) = 290.695, t(x) = 498.974, Yintra = 41.2083, Yextra = 540.183, Igx = 86.5"
"x= 87, f(x) = 293.449, t(x) = 500.571, Yintra = 43.1633, Yextra = 543.734, Igx = 87.5"
"x= 88, f(x) = 296.187, t(x) = 502.137, Yintra = 45.119, Yextra = 547.256, Igx = 88.5"
"x= 89, f(x) = 298.912, t(x) = 503.673, Yintra = 47.075, Yextra = 550.748, Igx = 89.5"
"x= 90, f(x) = 301.622, t(x) = 505.181, Yintra = 49.0312, Yextra = 554.212, Igx = 90.5"
"x= 91, f(x) = 304.317, t(x) = 506.66, Yintra = 50.9873, Yextra = 557.647, Igx = 91.5"
"x= 92, f(x) = 306.998, t(x) = 508.11, Yintra = 52.9432, Yextra = 561.053, Igx = 92.5"
"x= 93, f(x) = 309.665, t(x) = 509.532, Yintra = 54.8986, Yextra = 564.431, Igx = 93.5"
"x= 94, f(x) = 312.317, t(x) = 510.927, Yintra = 56.8535, Yextra = 567.781, Igx = 94.5"
"x= 95, f(x) = 314.955, t(x) = 512.295, Yintra = 58.8076, Yextra = 571.102, Igx = 95.5"
"x= 96, f(x) = 317.578, t(x) = 513.635, Yintra = 60.7607, Yextra = 574.396, Igx = 96.5"
"x= 97, f(x) = 320.187, t(x) = 514.949, Yintra = 62.7128, Yextra = 577.662, Igx = 97.5"
"x= 98, f(x) = 322.782, t(x) = 516.237, Yintra = 64.6635, Yextra = 580.9, Igx = 98.5"
"x= 99, f(x) = 325.362, t(x) = 517.499, Yintra = 66.6128, Yextra = 584.111, Igx = 99.5"
"x= 100, f(x) = 327.928, t(x) = 518.735, Yintra = 68.5606, Yextra = 587.295, Igx = 100.5"
"x= 101, f(x) = 330.479, t(x) = 519.945, Yintra = 70.5065, Yextra = 590.452, Igx = 101.5"
"x= 102, f(x) = 333.016, t(x) = 521.131, Yintra = 72.4506, Yextra = 593.582, Igx = 102.5"
"x= 103, f(x) = 335.539, t(x) = 522.292, Yintra = 74.3927, Yextra = 596.685, Igx = 103.5"
"x= 104, f(x) = 338.047, t(x) = 523.429, Yintra = 76.3325, Yextra = 599.761, Igx = 104.5"
"x= 105, f(x) = 340.541, t(x) = 524.541, Yintra = 78.27, Yextra = 602.811, Igx = 105.5"
"x= 106, f(x) = 343.02, t(x) = 525.63, Yintra = 80.2051, Yextra = 605.835, Igx = 106.5"
"x= 107, f(x) = 345.485, t(x) = 526.694, Yintra = 82.1375, Yextra = 608.832, Igx = 107.5"
"x= 108, f(x) = 347.935, t(x) = 527.736, Yintra = 84.0672, Yextra = 611.803, Igx = 108.5"
"x= 109, f(x) = 350.371, t(x) = 528.754, Yintra = 85.994, Yextra = 614.748, Igx = 109.5"
"x= 110, f(x) = 352.793, t(x) = 529.75, Yintra = 87.9179, Yextra = 617.668, Igx = 110.5"
"x= 111, f(x) = 355.2, t(x) = 530.723, Yintra = 89.8386, Yextra = 620.561, Igx = 111.5"
"x= 112, f(x) = 357.593, t(x) = 531.673, Yintra = 91.7561, Yextra = 623.429, Igx = 112.5"
"x= 113, f(x) = 359.971, t(x) = 532.602, Yintra = 93.6703, Yextra = 626.272, Igx = 113.5"
"x= 114, f(x) = 362.335, t(x) = 533.508, Yintra = 95.5809, Yextra = 629.089, Igx = 114.5"
"x= 115, f(x) = 364.685, t(x) = 534.393, Yintra = 97.488, Yextra = 631.881, Igx = 115.5"
"x= 116, f(x) = 367.02, t(x) = 535.257, Yintra = 99.3914, Yextra = 634.648, Igx = 116.5"
"x= 117, f(x) = 369.341, t(x) = 536.099, Yintra = 101.291, Yextra = 637.39, Igx = 117.5"
"x= 118, f(x) = 371.647, t(x) = 536.92, Yintra = 103.187, Yextra = 640.107, Igx = 118.5"
"x= 119, f(x) = 373.939, t(x) = 537.721, Yintra = 105.078, Yextra = 642.799, Igx = 119.5"
"x= 120, f(x) = 376.216, t(x) = 538.501, Yintra = 106.966, Yextra = 645.467, Igx = 120.5"
"x= 121, f(x) = 378.479, t(x) = 539.261, Yintra = 108.849, Yextra = 648.11, Igx = 121.5"
"x= 122, f(x) = 380.728, t(x) = 540, Yintra = 110.728, Yextra = 650.728, Igx = 122.5"
"x= 123, f(x) = 382.962, t(x) = 540.72, Yintra = 112.602, Yextra = 653.322, Igx = 123.5"
"x= 124, f(x) = 385.182, t(x) = 541.42, Yintra = 114.472, Yextra = 655.892, Igx = 124.5"
"x= 125, f(x) = 387.387, t(x) = 542.1, Yintra = 116.338, Yextra = 658.437, Igx = 125.5"
"x= 126, f(x) = 389.578, t(x) = 542.761, Yintra = 118.198, Yextra = 660.959, Igx = 126.5"
"x= 127, f(x) = 391.755, t(x) = 543.402, Yintra = 120.054, Yextra = 663.456, Igx = 127.5"
"x= 128, f(x) = 393.917, t(x) = 544.025, Yintra = 121.905, Yextra = 665.93, Igx = 128.5"
"x= 129, f(x) = 396.065, t(x) = 544.629, Yintra = 123.75, Yextra = 668.379, Igx = 129.5"
"x= 130, f(x) = 398.198, t(x) = 545.214, Yintra = 125.591, Yextra = 670.805, Igx = 130.5"
"x= 131, f(x) = 400.317, t(x) = 545.781, Yintra = 127.427, Yextra = 673.207, Igx = 131.5"
"x= 132, f(x) = 402.422, t(x) = 546.329, Yintra = 129.257, Yextra = 675.586, Igx = 132.5"
"x= 133, f(x) = 404.512, t(x) = 546.859, Yintra = 131.082, Yextra = 677.941, Igx = 133.5"
"x= 134, f(x) = 406.587, t(x) = 547.372, Yintra = 132.902, Yextra = 680.273, Igx = 134.5"
"x= 135, f(x) = 408.649, t(x) = 547.866, Yintra = 134.716, Yextra = 682.582, Igx = 135.5"
"x= 136, f(x) = 410.695, t(x) = 548.343, Yintra = 136.524, Yextra = 684.867, Igx = 136.5"
"x= 137, f(x) = 412.728, t(x) = 548.803, Yintra = 138.327, Yextra = 687.129, Igx = 137.5"
"x= 138, f(x) = 414.746, t(x) = 549.245, Yintra = 140.124, Yextra = 689.368, Igx = 138.5"
"x= 139, f(x) = 416.75, t(x) = 549.67, Yintra = 141.915, Yextra = 691.584, Igx = 139.5"
"x= 140, f(x) = 418.739, t(x) = 550.077, Yintra = 143.7, Yextra = 693.777, Igx = 140.5"
"x= 141, f(x) = 420.714, t(x) = 550.468, Yintra = 145.479, Yextra = 695.948, Igx = 141.5"
"x= 142, f(x) = 422.674, t(x) = 550.843, Yintra = 147.253, Yextra = 698.095, Igx = 142.5"
"x= 143, f(x) = 424.62, t(x) = 551.2, Yintra = 149.02, Yextra = 700.22, Igx = 143.5"
"x= 144, f(x) = 426.551, t(x) = 551.542, Yintra = 150.781, Yextra = 702.322, Igx = 144.5"
"x= 145, f(x) = 428.468, t(x) = 551.867, Yintra = 152.535, Yextra = 704.402, Igx = 145.5"
"x= 146, f(x) = 430.371, t(x) = 552.176, Yintra = 154.283, Yextra = 706.459, Igx = 146.5"
"x= 147, f(x) = 432.259, t(x) = 552.468, Yintra = 156.025, Yextra = 708.494, Igx = 147.5"
"x= 148, f(x) = 434.133, t(x) = 552.745, Yintra = 157.761, Yextra = 710.506, Igx = 148.5"
"x= 149, f(x) = 435.993, t(x) = 553.006, Yintra = 159.49, Yextra = 712.496, Igx = 149.5"
"x= 150, f(x) = 437.838, t(x) = 553.252, Yintra = 161.212, Yextra = 714.464, Igx = 150.5"
"x= 151, f(x) = 439.668, t(x) = 553.482, Yintra = 162.927, Yextra = 716.41, Igx = 151.5"
"x= 152, f(x) = 441.485, t(x) = 553.697, Yintra = 164.636, Yextra = 718.333, Igx = 152.5"
"x= 153, f(x) = 443.286, t(x) = 553.896, Yintra = 166.338, Yextra = 720.235, Igx = 153.5"
"x= 154, f(x) = 445.074, t(x) = 554.081, Yintra = 168.034, Yextra = 722.114, Igx = 154.5"
"x= 155, f(x) = 446.847, t(x) = 554.25, Yintra = 169.722, Yextra = 723.972, Igx = 155.5"
"x= 156, f(x) = 448.605, t(x) = 554.405, Yintra = 171.403, Yextra = 725.808, Igx = 156.5"
"x= 157, f(x) = 450.35, t(x) = 554.544, Yintra = 173.077, Yextra = 727.622, Igx = 157.5"
"x= 158, f(x) = 452.079, t(x) = 554.67, Yintra = 174.744, Yextra = 729.414, Igx = 158.5"
"x= 159, f(x) = 453.795, t(x) = 554.78, Yintra = 176.404, Yextra = 731.185, Igx = 159.5"
"x= 160, f(x) = 455.495, t(x) = 554.877, Yintra = 178.057, Yextra = 732.934, Igx = 160.5"
"x= 161, f(x) = 457.182, t(x) = 554.959, Yintra = 179.703, Yextra = 734.661, Igx = 161.5"
"x= 162, f(x) = 458.854, t(x) = 555.027, Yintra = 181.341, Yextra = 736.367, Igx = 162.5"
"x= 163, f(x) = 460.512, t(x) = 555.08, Yintra = 182.972, Yextra = 738.052, Igx = 163.5"
"x= 164, f(x) = 462.155, t(x) = 555.12, Yintra = 184.595, Yextra = 739.715, Igx = 164.5"
"x= 165, f(x) = 463.784, t(x) = 555.146, Yintra = 186.211, Yextra = 741.357, Igx = 165.5"
"x= 166, f(x) = 465.398, t(x) = 555.159, Yintra = 187.819, Yextra = 742.978, Igx = 166.5"
"x= 167, f(x) = 466.998, t(x) = 555.157, Yintra = 189.42, Yextra = 744.577, Igx = 167.5"
"x= 168, f(x) = 468.584, t(x) = 555.143, Yintra = 191.012, Yextra = 746.155, Igx = 168.5"
"x= 169, f(x) = 470.155, t(x) = 555.114, Yintra = 192.598, Yextra = 747.712, Igx = 169.5"
"x= 170, f(x) = 471.712, t(x) = 555.073, Yintra = 194.175, Yextra = 749.248, Igx = 170.5"
"x= 171, f(x) = 473.254, t(x) = 555.018, Yintra = 195.745, Yextra = 750.763, Igx = 171.5"
"x= 172, f(x) = 474.782, t(x) = 554.95, Yintra = 197.307, Yextra = 752.257, Igx = 172.5"
"x= 173, f(x) = 476.296, t(x) = 554.869, Yintra = 198.861, Yextra = 753.73, Igx = 173.5"
"x= 174, f(x) = 477.795, t(x) = 554.776, Yintra = 200.407, Yextra = 755.182, Igx = 174.5"
"x= 175, f(x) = 479.279, t(x) = 554.669, Yintra = 201.945, Yextra = 756.614, Igx = 175.5"
"x= 176, f(x) = 480.75, t(x) = 554.55, Yintra = 203.475, Yextra = 758.025, Igx = 176.5"
"x= 177, f(x) = 482.205, t(x) = 554.418, Yintra = 204.996, Yextra = 759.414, Igx = 177.5"
"x= 178, f(x) = 483.647, t(x) = 554.274, Yintra = 206.51, Yextra = 760.784, Igx = 178.5"
"x= 179, f(x) = 485.074, t(x) = 554.117, Yintra = 208.015, Yextra = 762.132, Igx = 179.5"
"x= 180, f(x) = 486.486, t(x) = 553.948, Yintra = 209.513, Yextra = 763.46, Igx = 180.5"
"x= 181, f(x) = 487.885, t(x) = 553.766, Yintra = 211.002, Yextra = 764.768, Igx = 181.5"
"x= 182, f(x) = 489.268, t(x) = 553.573, Yintra = 212.482, Yextra = 766.055, Igx = 182.5"
"x= 183, f(x) = 490.638, t(x) = 553.367, Yintra = 213.954, Yextra = 767.321, Igx = 183.5"
"x= 184, f(x) = 491.993, t(x) = 553.149, Yintra = 215.418, Yextra = 768.567, Igx = 184.5"
"x= 185, f(x) = 493.333, t(x) = 552.92, Yintra = 216.873, Yextra = 769.793, Igx = 185.5"
"x= 186, f(x) = 494.659, t(x) = 552.678, Yintra = 218.32, Yextra = 770.999, Igx = 186.5"
"x= 187, f(x) = 495.971, t(x) = 552.425, Yintra = 219.759, Yextra = 772.184, Igx = 187.5"
"x= 188, f(x) = 497.268, t(x) = 552.161, Yintra = 221.188, Yextra = 773.349, Igx = 188.5"
"x= 189, f(x) = 498.551, t(x) = 551.884, Yintra = 222.609, Yextra = 774.493, Igx = 189.5"
"x= 190, f(x) = 499.82, t(x) = 551.596, Yintra = 224.022, Yextra = 775.618, Igx = 190.5"
"x= 191, f(x) = 501.074, t(x) = 551.297, Yintra = 225.425, Yextra = 776.722, Igx = 191.5"
"x= 192, f(x) = 502.314, t(x) = 550.987, Yintra = 226.82, Yextra = 777.807, Igx = 192.5"
"x= 193, f(x) = 503.539, t(x) = 550.665, Yintra = 228.206, Yextra = 778.871, Igx = 193.5"
"x= 194, f(x) = 504.75, t(x) = 550.332, Yintra = 229.583, Yextra = 779.916, Igx = 194.5"
"x= 195, f(x) = 505.946, t(x) = 549.988, Yintra = 230.952, Yextra = 780.94, Igx = 195.5"
"x= 196, f(x) = 507.128, t(x) = 549.633, Yintra = 232.311, Yextra = 781.945, Igx = 196.5"
"x= 197, f(x) = 508.296, t(x) = 549.267, Yintra = 233.662, Yextra = 782.929, Igx = 197.5"
"x= 198, f(x) = 509.449, t(x) = 548.891, Yintra = 235.003, Yextra = 783.894, Igx = 198.5"
"x= 199, f(x) = 510.587, t(x) = 548.503, Yintra = 236.336, Yextra = 784.839, Igx = 199.5"
"x= 200, f(x) = 511.712, t(x) = 548.105, Yintra = 237.659, Yextra = 785.764, Igx = 200.5"
"x= 201, f(x) = 512.822, t(x) = 547.696, Yintra = 238.974, Yextra = 786.67, Igx = 201.5"
"x= 202, f(x) = 513.917, t(x) = 547.277, Yintra = 240.279, Yextra = 787.555, Igx = 202.5"
"x= 203, f(x) = 514.998, t(x) = 546.847, Yintra = 241.575, Yextra = 788.422, Igx = 203.5"
"x= 204, f(x) = 516.065, t(x) = 546.406, Yintra = 242.862, Yextra = 789.268, Igx = 204.5"
"x= 205, f(x) = 517.117, t(x) = 545.956, Yintra = 244.139, Yextra = 790.095, Igx = 205.5"
"x= 206, f(x) = 518.155, t(x) = 545.495, Yintra = 245.408, Yextra = 790.902, Igx = 206.5"
"x= 207, f(x) = 519.178, t(x) = 545.024, Yintra = 246.666, Yextra = 791.69, Igx = 207.5"
"x= 208, f(x) = 520.187, t(x) = 544.543, Yintra = 247.916, Yextra = 792.459, Igx = 208.5"
"x= 209, f(x) = 521.182, t(x) = 544.051, Yintra = 249.156, Yextra = 793.208, Igx = 209.5"
"x= 210, f(x) = 522.162, t(x) = 543.55, Yintra = 250.387, Yextra = 793.937, Igx = 210.5"
"x= 211, f(x) = 523.128, t(x) = 543.039, Yintra = 251.609, Yextra = 794.647, Igx = 211.5"
"x= 212, f(x) = 524.079, t(x) = 542.518, Yintra = 252.82, Yextra = 795.338, Igx = 212.5"
"x= 213, f(x) = 525.016, t(x) = 541.987, Yintra = 254.023, Yextra = 796.01, Igx = 213.5"
"x= 214, f(x) = 525.939, t(x) = 541.446, Yintra = 255.216, Yextra = 796.662, Igx = 214.5"
"x= 215, f(x) = 526.847, t(x) = 540.896, Yintra = 256.399, Yextra = 797.295, Igx = 215.5"
"x= 216, f(x) = 527.741, t(x) = 540.336, Yintra = 257.573, Yextra = 797.909, Igx = 216.5"
"x= 217, f(x) = 528.62, t(x) = 539.767, Yintra = 258.737, Yextra = 798.503, Igx = 217.5"
"x= 218, f(x) = 529.485, t(x) = 539.188, Yintra = 259.891, Yextra = 799.078, Igx = 218.5"
"x= 219, f(x) = 530.335, t(x) = 538.599, Yintra = 261.035, Yextra = 799.635, Igx = 219.5"
"x= 220, f(x) = 531.171, t(x) = 538.002, Yintra = 262.17, Yextra = 800.172, Igx = 220.5"
"x= 221, f(x) = 531.993, t(x) = 537.395, Yintra = 263.295, Yextra = 800.69, Igx = 221.5"
"x= 222, f(x) = 532.8, t(x) = 536.779, Yintra = 264.411, Yextra = 801.189, Igx = 222.5"
"x= 223, f(x) = 533.593, t(x) = 536.153, Yintra = 265.516, Yextra = 801.669, Igx = 223.5"
"x= 224, f(x) = 534.371, t(x) = 535.519, Yintra = 266.612, Yextra = 802.13, Igx = 224.5"
"x= 225, f(x) = 535.135, t(x) = 534.875, Yintra = 267.698, Yextra = 802.573, Igx = 225.5"
"x= 226, f(x) = 535.885, t(x) = 534.223, Yintra = 268.773, Yextra = 802.996, Igx = 226.5"
"x= 227, f(x) = 536.62, t(x) = 533.561, Yintra = 269.839, Yextra = 803.4, Igx = 227.5"
"x= 228, f(x) = 537.341, t(x) = 532.891, Yintra = 270.895, Yextra = 803.786, Igx = 228.5"
"x= 229, f(x) = 538.047, t(x) = 532.211, Yintra = 271.941, Yextra = 804.153, Igx = 229.5"
"x= 230, f(x) = 538.739, t(x) = 531.523, Yintra = 272.977, Yextra = 804.5, Igx = 230.5"
"x= 231, f(x) = 539.416, t(x) = 530.827, Yintra = 274.003, Yextra = 804.83, Igx = 231.5"
"x= 232, f(x) = 540.079, t(x) = 530.122, Yintra = 275.019, Yextra = 805.14, Igx = 232.5"
"x= 233, f(x) = 540.728, t(x) = 529.408, Yintra = 276.024, Yextra = 805.432, Igx = 233.5"
"x= 234, f(x) = 541.362, t(x) = 528.685, Yintra = 277.02, Yextra = 805.705, Igx = 234.5"
"x= 235, f(x) = 541.982, t(x) = 527.954, Yintra = 278.005, Yextra = 805.959, Igx = 235.5"
"x= 236, f(x) = 542.587, t(x) = 527.215, Yintra = 278.98, Yextra = 806.195, Igx = 236.5"
"x= 237, f(x) = 543.178, t(x) = 526.467, Yintra = 279.945, Yextra = 806.412, Igx = 237.5"
"x= 238, f(x) = 543.755, t(x) = 525.711, Yintra = 280.9, Yextra = 806.61, Igx = 238.5"
"x= 239, f(x) = 544.317, t(x) = 524.946, Yintra = 281.844, Yextra = 806.79, Igx = 239.5"
"x= 240, f(x) = 544.865, t(x) = 524.173, Yintra = 282.778, Yextra = 806.952, Igx = 240.5"
"x= 241, f(x) = 545.398, t(x) = 523.393, Yintra = 283.702, Yextra = 807.094, Igx = 241.5"
"x= 242, f(x) = 545.917, t(x) = 522.604, Yintra = 284.615, Yextra = 807.219, Igx = 242.5"
"x= 243, f(x) = 546.422, t(x) = 521.806, Yintra = 285.518, Yextra = 807.325, Igx = 243.5"
"x= 244, f(x) = 546.912, t(x) = 521.001, Yintra = 286.411, Yextra = 807.412, Igx = 244.5"
"x= 245, f(x) = 547.387, t(x) = 520.188, Yintra = 287.293, Yextra = 807.481, Igx = 245.5"
"x= 246, f(x) = 547.849, t(x) = 519.367, Yintra = 288.165, Yextra = 807.532, Igx = 246.5"
"x= 247, f(x) = 548.295, t(x) = 518.538, Yintra = 289.026, Yextra = 807.565, Igx = 247.5"
"x= 248, f(x) = 548.728, t(x) = 517.701, Yintra = 289.877, Yextra = 807.579, Igx = 248.5"
"x= 249, f(x) = 549.146, t(x) = 516.857, Yintra = 290.718, Yextra = 807.574, Igx = 249.5"
"x= 250, f(x) = 549.55, t(x) = 516.004, Yintra = 291.547, Yextra = 807.552, Igx = 250.5"
"x= 251, f(x) = 549.939, t(x) = 515.144, Yintra = 292.367, Yextra = 807.511, Igx = 251.5"
"x= 252, f(x) = 550.314, t(x) = 514.277, Yintra = 293.175, Yextra = 807.452, Igx = 252.5"
"x= 253, f(x) = 550.674, t(x) = 513.401, Yintra = 293.973, Yextra = 807.375, Igx = 253.5"
"x= 254, f(x) = 551.02, t(x) = 512.518, Yintra = 294.761, Yextra = 807.279, Igx = 254.5"
"x= 255, f(x) = 551.351, t(x) = 511.628, Yintra = 295.537, Yextra = 807.165, Igx = 255.5"
"x= 256, f(x) = 551.668, t(x) = 510.73, Yintra = 296.303, Yextra = 807.034, Igx = 256.5"
"x= 257, f(x) = 551.971, t(x) = 509.825, Yintra = 297.059, Yextra = 806.884, Igx = 257.5"
"x= 258, f(x) = 552.259, t(x) = 508.912, Yintra = 297.803, Yextra = 806.716, Igx = 258.5"
"x= 259, f(x) = 552.533, t(x) = 507.992, Yintra = 298.537, Yextra = 806.529, Igx = 259.5"
"x= 260, f(x) = 552.793, t(x) = 507.065, Yintra = 299.26, Yextra = 806.325, Igx = 260.5"
"x= 261, f(x) = 553.038, t(x) = 506.13, Yintra = 299.973, Yextra = 806.103, Igx = 261.5"
"x= 262, f(x) = 553.268, t(x) = 505.188, Yintra = 300.674, Yextra = 805.863, Igx = 262.5"
"x= 263, f(x) = 553.485, t(x) = 504.239, Yintra = 301.365, Yextra = 805.604, Igx = 263.5"
"x= 264, f(x) = 553.686, t(x) = 503.283, Yintra = 302.045, Yextra = 805.328, Igx = 264.5"
"x= 265, f(x) = 553.874, t(x) = 502.32, Yintra = 302.714, Yextra = 805.034, Igx = 265.5"
"x= 266, f(x) = 554.047, t(x) = 501.35, Yintra = 303.372, Yextra = 804.722, Igx = 266.5"
"x= 267, f(x) = 554.205, t(x) = 500.372, Yintra = 304.019, Yextra = 804.392, Igx = 267.5"
"x= 268, f(x) = 554.35, t(x) = 499.388, Yintra = 304.656, Yextra = 804.044, Igx = 268.5"
"x= 269, f(x) = 554.479, t(x) = 498.397, Yintra = 305.281, Yextra = 803.678, Igx = 269.5"
"x= 270, f(x) = 554.595, t(x) = 497.399, Yintra = 305.895, Yextra = 803.294, Igx = 270.5"
"x= 271, f(x) = 554.695, t(x) = 496.394, Yintra = 306.499, Yextra = 802.892, Igx = 271.5"
"x= 272, f(x) = 554.782, t(x) = 495.382, Yintra = 307.091, Yextra = 802.473, Igx = 272.5"
"x= 273, f(x) = 554.854, t(x) = 494.364, Yintra = 307.672, Yextra = 802.036, Igx = 273.5"
"x= 274, f(x) = 554.912, t(x) = 493.338, Yintra = 308.243, Yextra = 801.581, Igx = 274.5"
"x= 275, f(x) = 554.955, t(x) = 492.306, Yintra = 308.802, Yextra = 801.108, Igx = 275.5"
"x= 276, f(x) = 554.984, t(x) = 491.268, Yintra = 309.35, Yextra = 800.618, Igx = 276.5"
"x= 277, f(x) = 554.998, t(x) = 490.222, Yintra = 309.887, Yextra = 800.109, Igx = 277.5"
"x= 278, f(x) = 554.998, t(x) = 489.171, Yintra = 310.413, Yextra = 799.583, Igx = 278.5"
"x= 279, f(x) = 554.984, t(x) = 488.112, Yintra = 310.928, Yextra = 799.04, Igx = 279.5"
"x= 280, f(x) = 554.955, t(x) = 487.047, Yintra = 311.431, Yextra = 798.479, Igx = 280.5"
"x= 281, f(x) = 554.912, t(x) = 485.976, Yintra = 311.924, Yextra = 797.9, Igx = 281.5"
"x= 282, f(x) = 554.854, t(x) = 484.898, Yintra = 312.405, Yextra = 797.303, Igx = 282.5"
"x= 283, f(x) = 554.782, t(x) = 483.814, Yintra = 312.875, Yextra = 796.689, Igx = 283.5"
"x= 284, f(x) = 554.695, t(x) = 482.723, Yintra = 313.334, Yextra = 796.057, Igx = 284.5"
"x= 285, f(x) = 554.595, t(x) = 481.626, Yintra = 313.782, Yextra = 795.408, Igx = 285.5"
"x= 286, f(x) = 554.479, t(x) = 480.523, Yintra = 314.218, Yextra = 794.741, Igx = 286.5"
"x= 287, f(x) = 554.35, t(x) = 479.413, Yintra = 314.643, Yextra = 794.056, Igx = 287.5"
"x= 288, f(x) = 554.205, t(x) = 478.297, Yintra = 315.057, Yextra = 793.354, Igx = 288.5"
"x= 289, f(x) = 554.047, t(x) = 477.175, Yintra = 315.459, Yextra = 792.635, Igx = 289.5"
"x= 290, f(x) = 553.874, t(x) = 476.047, Yintra = 315.85, Yextra = 791.898, Igx = 290.5"
"x= 291, f(x) = 553.686, t(x) = 474.913, Yintra = 316.23, Yextra = 791.143, Igx = 291.5"
"x= 292, f(x) = 553.485, t(x) = 473.772, Yintra = 316.598, Yextra = 790.371, Igx = 292.5"
"x= 293, f(x) = 553.268, t(x) = 472.626, Yintra = 316.955, Yextra = 789.581, Igx = 293.5"
"x= 294, f(x) = 553.038, t(x) = 471.473, Yintra = 317.301, Yextra = 788.775, Igx = 294.5"
"x= 295, f(x) = 552.793, t(x) = 470.315, Yintra = 317.635, Yextra = 787.95, Igx = 295.5"
"x= 296, f(x) = 552.533, t(x) = 469.15, Yintra = 317.958, Yextra = 787.108, Igx = 296.5"
"x= 297, f(x) = 552.259, t(x) = 467.98, Yintra = 318.27, Yextra = 786.249, Igx = 297.5"
"x= 298, f(x) = 551.971, t(x) = 466.803, Yintra = 318.57, Yextra = 785.373, Igx = 298.5"
"x= 299, f(x) = 551.668, t(x) = 465.621, Yintra = 318.858, Yextra = 784.479, Igx = 299.5"
"x= 300, f(x) = 551.351, t(x) = 464.433, Yintra = 319.135, Yextra = 783.568, Igx = 300.5"
"x= 301, f(x) = 551.02, t(x) = 463.239, Yintra = 319.4, Yextra = 782.639, Igx = 301.5"
"x= 302, f(x) = 550.674, t(x) = 462.039, Yintra = 319.654, Yextra = 781.693, Igx = 302.5"
"x= 303, f(x) = 550.314, t(x) = 460.833, Yintra = 319.897, Yextra = 780.73, Igx = 303.5"
"x= 304, f(x) = 549.939, t(x) = 459.622, Yintra = 320.128, Yextra = 779.75, Igx = 304.5"
"x= 305, f(x) = 549.55, t(x) = 458.405, Yintra = 320.347, Yextra = 778.752, Igx = 305.5"
"x= 306, f(x) = 549.146, t(x) = 457.182, Yintra = 320.555, Yextra = 777.737, Igx = 306.5"
"x= 307, f(x) = 548.728, t(x) = 455.953, Yintra = 320.751, Yextra = 776.705, Igx = 307.5"
"x= 308, f(x) = 548.295, t(x) = 454.719, Yintra = 320.936, Yextra = 775.655, Igx = 308.5"
"x= 309, f(x) = 547.849, t(x) = 453.48, Yintra = 321.109, Yextra = 774.589, Igx = 309.5"
"x= 310, f(x) = 547.387, t(x) = 452.234, Yintra = 321.27, Yextra = 773.505, Igx = 310.5"
"x= 311, f(x) = 546.912, t(x) = 450.984, Yintra = 321.42, Yextra = 772.404, Igx = 311.5"
"x= 312, f(x) = 546.422, t(x) = 449.727, Yintra = 321.558, Yextra = 771.285, Igx = 312.5"
"x= 313, f(x) = 545.917, t(x) = 448.465, Yintra = 321.684, Yextra = 770.15, Igx = 313.5"
"x= 314, f(x) = 545.398, t(x) = 447.198, Yintra = 321.799, Yextra = 768.997, Igx = 314.5"
"x= 315, f(x) = 544.865, t(x) = 445.925, Yintra = 321.902, Yextra = 767.828, Igx = 315.5"
"x= 316, f(x) = 544.317, t(x) = 444.647, Yintra = 321.994, Yextra = 766.641, Igx = 316.5"
"x= 317, f(x) = 543.755, t(x) = 443.364, Yintra = 322.073, Yextra = 765.437, Igx = 317.5"
"x= 318, f(x) = 543.178, t(x) = 442.075, Yintra = 322.141, Yextra = 764.216, Igx = 318.5"
"x= 319, f(x) = 542.587, t(x) = 440.78, Yintra = 322.197, Yextra = 762.978, Igx = 319.5"
"x= 320, f(x) = 541.982, t(x) = 439.481, Yintra = 322.242, Yextra = 761.722, Igx = 320.5"
"x= 321, f(x) = 541.362, t(x) = 438.176, Yintra = 322.274, Yextra = 760.45, Igx = 321.5"
"x= 322, f(x) = 540.728, t(x) = 436.866, Yintra = 322.295, Yextra = 759.161, Igx = 322.5"
"x= 323, f(x) = 540.079, t(x) = 435.55, Yintra = 322.304, Yextra = 757.854, Igx = 323.5"
"x= 324, f(x) = 539.416, t(x) = 434.229, Yintra = 322.302, Yextra = 756.531, Igx = 324.5"
"x= 325, f(x) = 538.739, t(x) = 432.904, Yintra = 322.287, Yextra = 755.19, Igx = 325.5"
"x= 326, f(x) = 538.047, t(x) = 431.572, Yintra = 322.261, Yextra = 753.833, Igx = 326.5"
"x= 327, f(x) = 537.341, t(x) = 430.236, Yintra = 322.222, Yextra = 752.459, Igx = 327.5"
"x= 328, f(x) = 536.62, t(x) = 428.895, Yintra = 322.172, Yextra = 751.067, Igx = 328.5"
"x= 329, f(x) = 535.885, t(x) = 427.548, Yintra = 322.111, Yextra = 749.659, Igx = 329.5"
"x= 330, f(x) = 535.135, t(x) = 426.197, Yintra = 322.037, Yextra = 748.234, Igx = 330.5"
"x= 331, f(x) = 534.371, t(x) = 424.84, Yintra = 321.951, Yextra = 746.791, Igx = 331.5"
"x= 332, f(x) = 533.593, t(x) = 423.478, Yintra = 321.854, Yextra = 745.332, Igx = 332.5"
"x= 333, f(x) = 532.8, t(x) = 422.112, Yintra = 321.744, Yextra = 743.856, Igx = 333.5"
"x= 334, f(x) = 531.993, t(x) = 420.74, Yintra = 321.623, Yextra = 742.363, Igx = 334.5"
"x= 335, f(x) = 531.171, t(x) = 419.363, Yintra = 321.49, Yextra = 740.853, Igx = 335.5"
"x= 336, f(x) = 530.335, t(x) = 417.981, Yintra = 321.344, Yextra = 739.326, Igx = 336.5"
"x= 337, f(x) = 529.485, t(x) = 416.595, Yintra = 321.187, Yextra = 737.782, Igx = 337.5"
"x= 338, f(x) = 528.62, t(x) = 415.203, Yintra = 321.018, Yextra = 736.221, Igx = 338.5"
"x= 339, f(x) = 527.741, t(x) = 413.807, Yintra = 320.837, Yextra = 734.644, Igx = 339.5"
"x= 340, f(x) = 526.847, t(x) = 412.405, Yintra = 320.644, Yextra = 733.05, Igx = 340.5"
"x= 341, f(x) = 525.939, t(x) = 410.999, Yintra = 320.439, Yextra = 731.438, Igx = 341.5"
"x= 342, f(x) = 525.016, t(x) = 409.588, Yintra = 320.222, Yextra = 729.81, Igx = 342.5"
"x= 343, f(x) = 524.079, t(x) = 408.172, Yintra = 319.993, Yextra = 728.165, Igx = 343.5"
"x= 344, f(x) = 523.128, t(x) = 406.752, Yintra = 319.752, Yextra = 726.504, Igx = 344.5"
"x= 345, f(x) = 522.162, t(x) = 405.326, Yintra = 319.499, Yextra = 724.825, Igx = 345.5"
"x= 346, f(x) = 521.182, t(x) = 403.896, Yintra = 319.234, Yextra = 723.13, Igx = 346.5"
"x= 347, f(x) = 520.187, t(x) = 402.461, Yintra = 318.957, Yextra = 721.418, Igx = 347.5"
"x= 348, f(x) = 519.178, t(x) = 401.021, Yintra = 318.668, Yextra = 719.689, Igx = 348.5"
"x= 349, f(x) = 518.155, t(x) = 399.577, Yintra = 318.367, Yextra = 717.943, Igx = 349.5"
"x= 350, f(x) = 517.117, t(x) = 398.127, Yintra = 318.053, Yextra = 716.181, Igx = 350.5"
"x= 351, f(x) = 516.065, t(x) = 396.673, Yintra = 317.728, Yextra = 714.402, Igx = 351.5"
"x= 352, f(x) = 514.998, t(x) = 395.215, Yintra = 317.391, Yextra = 712.606, Igx = 352.5"
"x= 353, f(x) = 513.917, t(x) = 393.752, Yintra = 317.041, Yextra = 710.793, Igx = 353.5"
"x= 354, f(x) = 512.822, t(x) = 392.284, Yintra = 316.68, Yextra = 708.964, Igx = 354.5"
"x= 355, f(x) = 511.712, t(x) = 390.811, Yintra = 316.306, Yextra = 707.117, Igx = 355.5"
"x= 356, f(x) = 510.587, t(x) = 389.334, Yintra = 315.92, Yextra = 705.255, Igx = 356.5"
"x= 357, f(x) = 509.449, t(x) = 387.853, Yintra = 315.522, Yextra = 703.375, Igx = 357.5"
"x= 358, f(x) = 508.296, t(x) = 386.366, Yintra = 315.112, Yextra = 701.479, Igx = 358.5"
"x= 359, f(x) = 507.128, t(x) = 384.876, Yintra = 314.69, Yextra = 699.566, Igx = 359.5"
"x= 360, f(x) = 505.946, t(x) = 383.38, Yintra = 314.256, Yextra = 697.636, Igx = 360.5"
"x= 361, f(x) = 504.75, t(x) = 381.88, Yintra = 313.809, Yextra = 695.69, Igx = 361.5"
"x= 362, f(x) = 503.539, t(x) = 380.376, Yintra = 313.351, Yextra = 693.727, Igx = 362.5"
"x= 363, f(x) = 502.314, t(x) = 378.867, Yintra = 312.88, Yextra = 691.747, Igx = 363.5"
"x= 364, f(x) = 501.074, t(x) = 377.354, Yintra = 312.397, Yextra = 689.751, Igx = 364.5"
"x= 365, f(x) = 499.82, t(x) = 375.836, Yintra = 311.902, Yextra = 687.738, Igx = 365.5"
"x= 366, f(x) = 498.551, t(x) = 374.314, Yintra = 311.394, Yextra = 685.708, Igx = 366.5"
"x= 367, f(x) = 497.268, t(x) = 372.787, Yintra = 310.875, Yextra = 683.662, Igx = 367.5"
"x= 368, f(x) = 495.971, t(x) = 371.256, Yintra = 310.343, Yextra = 681.599, Igx = 368.5"
"x= 369, f(x) = 494.659, t(x) = 369.72, Yintra = 309.799, Yextra = 679.52, Igx = 369.5"
"x= 370, f(x) = 493.333, t(x) = 368.18, Yintra = 309.243, Yextra = 677.424, Igx = 370.5"
"x= 371, f(x) = 491.993, t(x) = 366.636, Yintra = 308.675, Yextra = 675.311, Igx = 371.5"
"x= 372, f(x) = 490.638, t(x) = 365.087, Yintra = 308.094, Yextra = 673.182, Igx = 372.5"
"x= 373, f(x) = 489.268, t(x) = 363.534, Yintra = 307.501, Yextra = 671.036, Igx = 373.5"
"x= 374, f(x) = 487.885, t(x) = 361.977, Yintra = 306.896, Yextra = 668.873, Igx = 374.5"
"x= 375, f(x) = 486.486, t(x) = 360.415, Yintra = 306.279, Yextra = 666.694, Igx = 375.5"
"x= 376, f(x) = 485.074, t(x) = 358.849, Yintra = 305.649, Yextra = 664.498, Igx = 376.5"
"x= 377, f(x) = 483.647, t(x) = 357.278, Yintra = 305.008, Yextra = 662.286, Igx = 377.5"
"x= 378, f(x) = 482.205, t(x) = 355.704, Yintra = 304.354, Yextra = 660.057, Igx = 378.5"
"x= 379, f(x) = 480.75, t(x) = 354.125, Yintra = 303.687, Yextra = 657.812, Igx = 379.5"
"x= 380, f(x) = 479.279, t(x) = 352.541, Yintra = 303.009, Yextra = 655.55, Igx = 380.5"
"x= 381, f(x) = 477.795, t(x) = 350.954, Yintra = 302.318, Yextra = 653.271, Igx = 381.5"
"x= 382, f(x) = 476.296, t(x) = 349.362, Yintra = 301.615, Yextra = 650.976, Igx = 382.5"
"x= 383, f(x) = 474.782, t(x) = 347.766, Yintra = 300.899, Yextra = 648.665, Igx = 383.5"
"x= 384, f(x) = 473.254, t(x) = 346.165, Yintra = 300.171, Yextra = 646.337, Igx = 384.5"
"x= 385, f(x) = 471.712, t(x) = 344.561, Yintra = 299.431, Yextra = 643.992, Igx = 385.5"
"x= 386, f(x) = 470.155, t(x) = 342.952, Yintra = 298.679, Yextra = 641.631, Igx = 386.5"
"x= 387, f(x) = 468.584, t(x) = 341.339, Yintra = 297.914, Yextra = 639.253, Igx = 387.5"
"x= 388, f(x) = 466.998, t(x) = 339.722, Yintra = 297.137, Yextra = 636.859, Igx = 388.5"
"x= 389, f(x) = 465.398, t(x) = 338.1, Yintra = 296.348, Yextra = 634.448, Igx = 389.5"
"x= 390, f(x) = 463.784, t(x) = 336.474, Yintra = 295.547, Yextra = 632.021, Igx = 390.5"
"x= 391, f(x) = 462.155, t(x) = 334.845, Yintra = 294.733, Yextra = 629.577, Igx = 391.5"
"x= 392, f(x) = 460.512, t(x) = 333.211, Yintra = 293.906, Yextra = 627.117, Igx = 392.5"
"x= 393, f(x) = 458.854, t(x) = 331.573, Yintra = 293.068, Yextra = 624.64, Igx = 393.5"
"x= 394, f(x) = 457.182, t(x) = 329.93, Yintra = 292.217, Yextra = 622.147, Igx = 394.5"
"x= 395, f(x) = 455.495, t(x) = 328.284, Yintra = 291.354, Yextra = 619.637, Igx = 395.5"
"x= 396, f(x) = 453.795, t(x) = 326.633, Yintra = 290.478, Yextra = 617.111, Igx = 396.5"
"x= 397, f(x) = 452.079, t(x) = 324.978, Yintra = 289.59, Yextra = 614.568, Igx = 397.5"
"x= 398, f(x) = 450.35, t(x) = 323.32, Yintra = 288.69, Yextra = 612.009, Igx = 398.5"
"x= 399, f(x) = 448.605, t(x) = 321.657, Yintra = 287.777, Yextra = 609.434, Igx = 399.5"
"x= 400, f(x) = 446.847, t(x) = 319.99, Yintra = 286.852, Yextra = 606.842, Igx = 400.5"
"x= 401, f(x) = 445.074, t(x) = 318.318, Yintra = 285.915, Yextra = 604.233, Igx = 401.5"
"x= 402, f(x) = 443.286, t(x) = 316.643, Yintra = 284.965, Yextra = 601.608, Igx = 402.5"
"x= 403, f(x) = 441.485, t(x) = 314.964, Yintra = 284.003, Yextra = 598.966, Igx = 403.5"
"x= 404, f(x) = 439.668, t(x) = 313.28, Yintra = 283.028, Yextra = 596.309, Igx = 404.5"
"x= 405, f(x) = 437.838, t(x) = 311.593, Yintra = 282.042, Yextra = 593.634, Igx = 405.5"
"x= 406, f(x) = 435.993, t(x) = 309.901, Yintra = 281.042, Yextra = 590.943, Igx = 406.5"
"x= 407, f(x) = 434.133, t(x) = 308.205, Yintra = 280.031, Yextra = 588.236, Igx = 407.5"
"x= 408, f(x) = 432.259, t(x) = 306.506, Yintra = 279.007, Yextra = 585.512, Igx = 408.5"
"x= 409, f(x) = 430.371, t(x) = 304.802, Yintra = 277.97, Yextra = 582.772, Igx = 409.5"
"x= 410, f(x) = 428.468, t(x) = 303.094, Yintra = 276.921, Yextra = 580.015, Igx = 410.5"
"x= 411, f(x) = 426.551, t(x) = 301.382, Yintra = 275.86, Yextra = 577.242, Igx = 411.5"
"x= 412, f(x) = 424.62, t(x) = 299.666, Yintra = 274.787, Yextra = 574.453, Igx = 412.5"
"x= 413, f(x) = 422.674, t(x) = 297.946, Yintra = 273.701, Yextra = 571.647, Igx = 413.5"
"x= 414, f(x) = 420.714, t(x) = 296.222, Yintra = 272.602, Yextra = 568.825, Igx = 414.5"
"x= 415, f(x) = 418.739, t(x) = 294.494, Yintra = 271.492, Yextra = 565.986, Igx = 415.5"
"x= 416, f(x) = 416.75, t(x) = 292.762, Yintra = 270.369, Yextra = 563.131, Igx = 416.5"
"x= 417, f(x) = 414.746, t(x) = 291.026, Yintra = 269.233, Yextra = 560.259, Igx = 417.5"
"x= 418, f(x) = 412.728, t(x) = 289.286, Yintra = 268.085, Yextra = 557.371, Igx = 418.5"
"x= 419, f(x) = 410.695, t(x) = 287.542, Yintra = 266.925, Yextra = 554.466, Igx = 419.5"
"x= 420, f(x) = 408.649, t(x) = 285.793, Yintra = 265.752, Yextra = 551.545, Igx = 420.5"
"x= 421, f(x) = 406.587, t(x) = 284.041, Yintra = 264.567, Yextra = 548.608, Igx = 421.5"
"x= 422, f(x) = 404.512, t(x) = 282.285, Yintra = 263.369, Yextra = 545.654, Igx = 422.5"
"x= 423, f(x) = 402.422, t(x) = 280.525, Yintra = 262.159, Yextra = 542.684, Igx = 423.5"
"x= 424, f(x) = 400.317, t(x) = 278.761, Yintra = 260.937, Yextra = 539.698, Igx = 424.5"
"x= 425, f(x) = 398.198, t(x) = 276.993, Yintra = 259.702, Yextra = 536.695, Igx = 425.5"
"x= 426, f(x) = 396.065, t(x) = 275.22, Yintra = 258.455, Yextra = 533.675, Igx = 426.5"
"x= 427, f(x) = 393.917, t(x) = 273.444, Yintra = 257.195, Yextra = 530.639, Igx = 427.5"
"x= 428, f(x) = 391.755, t(x) = 271.664, Yintra = 255.923, Yextra = 527.587, Igx = 428.5"
"x= 429, f(x) = 389.578, t(x) = 269.88, Yintra = 254.638, Yextra = 524.518, Igx = 429.5"
"x= 430, f(x) = 387.387, t(x) = 268.092, Yintra = 253.342, Yextra = 521.433, Igx = 430.5"
"x= 431, f(x) = 385.182, t(x) = 266.3, Yintra = 252.032, Yextra = 518.332, Igx = 431.5"
"x= 432, f(x) = 382.962, t(x) = 264.503, Yintra = 250.71, Yextra = 515.214, Igx = 432.5"
"x= 433, f(x) = 380.728, t(x) = 262.703, Yintra = 249.376, Yextra = 512.08, Igx = 433.5"
"x= 434, f(x) = 378.479, t(x) = 260.899, Yintra = 248.03, Yextra = 508.929, Igx = 434.5"
"x= 435, f(x) = 376.216, t(x) = 259.091, Yintra = 246.671, Yextra = 505.762, Igx = 435.5"
"x= 436, f(x) = 373.939, t(x) = 257.279, Yintra = 245.299, Yextra = 502.578, Igx = 436.5"
"x= 437, f(x) = 371.647, t(x) = 255.463, Yintra = 243.915, Yextra = 499.378, Igx = 437.5"
"x= 438, f(x) = 369.341, t(x) = 253.643, Yintra = 242.519, Yextra = 496.162, Igx = 438.5"
"x= 439, f(x) = 367.02, t(x) = 251.819, Yintra = 241.11, Yextra = 492.929, Igx = 439.5"
"x= 440, f(x) = 364.685, t(x) = 249.991, Yintra = 239.689, Yextra = 489.68, Igx = 440.5"
"x= 441, f(x) = 362.335, t(x) = 248.159, Yintra = 238.256, Yextra = 486.414, Igx = 441.5"
"x= 442, f(x) = 359.971, t(x) = 246.322, Yintra = 236.81, Yextra = 483.132, Igx = 442.5"
"x= 443, f(x) = 357.593, t(x) = 244.482, Yintra = 235.352, Yextra = 479.834, Igx = 443.5"
"x= 444, f(x) = 355.2, t(x) = 242.638, Yintra = 233.881, Yextra = 476.519, Igx = 444.5"
"x= 445, f(x) = 352.793, t(x) = 240.79, Yintra = 232.398, Yextra = 473.188, Igx = 445.5"
"x= 446, f(x) = 350.371, t(x) = 238.938, Yintra = 230.902, Yextra = 469.84, Igx = 446.5"
"x= 447, f(x) = 347.935, t(x) = 237.082, Yintra = 229.394, Yextra = 466.476, Igx = 447.5"
"x= 448, f(x) = 345.485, t(x) = 235.222, Yintra = 227.874, Yextra = 463.096, Igx = 448.5"
"x= 449, f(x) = 343.02, t(x) = 233.358, Yintra = 226.341, Yextra = 459.699, Igx = 449.5"
"x= 450, f(x) = 340.541, t(x) = 231.49, Yintra = 224.795, Yextra = 456.286, Igx = 450.5"
"x= 451, f(x) = 338.047, t(x) = 229.618, Yintra = 223.238, Yextra = 452.856, Igx = 451.5"
"x= 452, f(x) = 335.539, t(x) = 227.742, Yintra = 221.668, Yextra = 449.41, Igx = 452.5"
"x= 453, f(x) = 333.016, t(x) = 225.862, Yintra = 220.085, Yextra = 445.947, Igx = 453.5"
"x= 454, f(x) = 330.479, t(x) = 223.978, Yintra = 218.49, Yextra = 442.468, Igx = 454.5"
"x= 455, f(x) = 327.928, t(x) = 222.09, Yintra = 216.883, Yextra = 438.973, Igx = 455.5"
"x= 456, f(x) = 325.362, t(x) = 220.198, Yintra = 215.263, Yextra = 435.461, Igx = 456.5"
"x= 457, f(x) = 322.782, t(x) = 218.301, Yintra = 213.631, Yextra = 431.933, Igx = 457.5"
"x= 458, f(x) = 320.187, t(x) = 216.401, Yintra = 211.987, Yextra = 428.388, Igx = 458.5"
"x= 459, f(x) = 317.578, t(x) = 214.497, Yintra = 210.33, Yextra = 424.827, Igx = 459.5"
"x= 460, f(x) = 314.955, t(x) = 212.589, Yintra = 208.661, Yextra = 421.249, Igx = 460.5"
"x= 461, f(x) = 312.317, t(x) = 210.676, Yintra = 206.979, Yextra = 417.655, Igx = 461.5"
"x= 462, f(x) = 309.665, t(x) = 208.76, Yintra = 205.285, Yextra = 414.045, Igx = 462.5"
"x= 463, f(x) = 306.998, t(x) = 206.84, Yintra = 203.578, Yextra = 410.418, Igx = 463.5"
"x= 464, f(x) = 304.317, t(x) = 204.915, Yintra = 201.86, Yextra = 406.775, Igx = 464.5"
"x= 465, f(x) = 301.622, t(x) = 202.986, Yintra = 200.128, Yextra = 403.115, Igx = 465.5"
"x= 466, f(x) = 298.912, t(x) = 201.054, Yintra = 198.385, Yextra = 399.439, Igx = 466.5"
"x= 467, f(x) = 296.187, t(x) = 199.117, Yintra = 196.629, Yextra = 395.746, Igx = 467.5"
"x= 468, f(x) = 293.449, t(x) = 197.176, Yintra = 194.86, Yextra = 392.037, Igx = 468.5"
"x= 469, f(x) = 290.695, t(x) = 195.232, Yintra = 193.08, Yextra = 388.311, Igx = 469.5"
"x= 470, f(x) = 287.928, t(x) = 193.283, Yintra = 191.287, Yextra = 384.569, Igx = 470.5"
"x= 471, f(x) = 285.146, t(x) = 191.33, Yintra = 189.481, Yextra = 380.811, Igx = 471.5"
"x= 472, f(x) = 282.35, t(x) = 189.372, Yintra = 187.663, Yextra = 377.036, Igx = 472.5"
"x= 473, f(x) = 279.539, t(x) = 187.411, Yintra = 185.833, Yextra = 373.244, Igx = 473.5"
"x= 474, f(x) = 276.714, t(x) = 185.446, Yintra = 183.991, Yextra = 369.436, Igx = 474.5"
"x= 475, f(x) = 273.874, t(x) = 183.476, Yintra = 182.136, Yextra = 365.612, Igx = 475.5"
"x= 476, f(x) = 271.02, t(x) = 181.503, Yintra = 180.269, Yextra = 361.771, Igx = 476.5"
"x= 477, f(x) = 268.151, t(x) = 179.525, Yintra = 178.389, Yextra = 357.914, Igx = 477.5"
"x= 478, f(x) = 265.268, t(x) = 177.543, Yintra = 176.497, Yextra = 354.04, Igx = 478.5"
"x= 479, f(x) = 262.371, t(x) = 175.557, Yintra = 174.593, Yextra = 350.15, Igx = 479.5"
"x= 480, f(x) = 259.459, t(x) = 173.567, Yintra = 172.676, Yextra = 346.243, Igx = 480.5"
"x= 481, f(x) = 256.533, t(x) = 171.572, Yintra = 170.747, Yextra = 342.319, Igx = 481.5"
"x= 482, f(x) = 253.593, t(x) = 169.574, Yintra = 168.806, Yextra = 338.38, Igx = 482.5"
"x= 483, f(x) = 250.638, t(x) = 167.571, Yintra = 166.852, Yextra = 334.423, Igx = 483.5"
"x= 484, f(x) = 247.668, t(x) = 165.564, Yintra = 164.886, Yextra = 330.45, Igx = 484.5"
"x= 485, f(x) = 244.685, t(x) = 163.553, Yintra = 162.908, Yextra = 326.461, Igx = 485.5"
"x= 486, f(x) = 241.686, t(x) = 161.538, Yintra = 160.918, Yextra = 322.455, Igx = 486.5"
"x= 487, f(x) = 238.674, t(x) = 159.518, Yintra = 158.915, Yextra = 318.433, Igx = 487.5"
"x= 488, f(x) = 235.647, t(x) = 157.494, Yintra = 156.9, Yextra = 314.394, Igx = 488.5"
"x= 489, f(x) = 232.605, t(x) = 155.466, Yintra = 154.872, Yextra = 310.339, Igx = 489.5"
"x= 490, f(x) = 229.55, t(x) = 153.434, Yintra = 152.833, Yextra = 306.267, Igx = 490.5"
"x= 491, f(x) = 226.479, t(x) = 151.397, Yintra = 150.781, Yextra = 302.178, Igx = 491.5"
"x= 492, f(x) = 223.395, t(x) = 149.357, Yintra = 148.716, Yextra = 298.073, Igx = 492.5"
"x= 493, f(x) = 220.296, t(x) = 147.312, Yintra = 146.64, Yextra = 293.951, Igx = 493.5"
"x= 494, f(x) = 217.182, t(x) = 145.262, Yintra = 144.551, Yextra = 289.813, Igx = 494.5"
"x= 495, f(x) = 214.054, t(x) = 143.209, Yintra = 142.45, Yextra = 285.658, Igx = 495.5"
"x= 496, f(x) = 210.912, t(x) = 141.151, Yintra = 140.336, Yextra = 281.487, Igx = 496.5"
"x= 497, f(x) = 207.755, t(x) = 139.088, Yintra = 138.211, Yextra = 277.299, Igx = 497.5"
"x= 498, f(x) = 204.584, t(x) = 137.022, Yintra = 136.073, Yextra = 273.095, Igx = 498.5"
"x= 499, f(x) = 201.398, t(x) = 134.951, Yintra = 133.923, Yextra = 268.874, Igx = 499.5"
"x= 500, f(x) = 198.198, t(x) = 132.876, Yintra = 131.76, Yextra = 264.636, Igx = 500.5"
"x= 501, f(x) = 194.984, t(x) = 130.796, Yintra = 129.586, Yextra = 260.382, Igx = 501.5"
"x= 502, f(x) = 191.755, t(x) = 128.712, Yintra = 127.399, Yextra = 256.111, Igx = 502.5"
"x= 503, f(x) = 188.512, t(x) = 126.624, Yintra = 125.2, Yextra = 251.824, Igx = 503.5"
"x= 504, f(x) = 185.254, t(x) = 124.531, Yintra = 122.989, Yextra = 247.52, Igx = 504.5"
"x= 505, f(x) = 181.982, t(x) = 122.434, Yintra = 120.765, Yextra = 243.199, Igx = 505.5"
"x= 506, f(x) = 178.695, t(x) = 120.332, Yintra = 118.529, Yextra = 238.862, Igx = 506.5"
"x= 507, f(x) = 175.395, t(x) = 118.226, Yintra = 116.281, Yextra = 234.508, Igx = 507.5"
"x= 508, f(x) = 172.079, t(x) = 116.116, Yintra = 114.021, Yextra = 230.137, Igx = 508.5"
"x= 509, f(x) = 168.75, t(x) = 114.001, Yintra = 111.749, Yextra = 225.75, Igx = 509.5"
"x= 510, f(x) = 165.405, t(x) = 111.882, Yintra = 109.465, Yextra = 221.346, Igx = 510.5"
"x= 511, f(x) = 162.047, t(x) = 109.758, Yintra = 107.168, Yextra = 216.926, Igx = 511.5"
"x= 512, f(x) = 158.674, t(x) = 107.63, Yintra = 104.859, Yextra = 212.489, Igx = 512.5"
"x= 513, f(x) = 155.286, t(x) = 105.497, Yintra = 102.538, Yextra = 208.035, Igx = 513.5"
"x= 514, f(x) = 151.885, t(x) = 103.359, Yintra = 100.205, Yextra = 203.564, Igx = 514.5"
"x= 515, f(x) = 148.468, t(x) = 101.218, Yintra = 97.8597, Yextra = 199.077, Igx = 515.5"
"x= 516, f(x) = 145.038, t(x) = 99.0711, Yintra = 95.5023, Yextra = 194.573, Igx = 516.5"
"x= 517, f(x) = 141.593, t(x) = 96.9201, Yintra = 93.1327, Yextra = 190.053, Igx = 517.5"
"x= 518, f(x) = 138.133, t(x) = 94.7646, Yintra = 90.751, Yextra = 185.516, Igx = 518.5"
"x= 519, f(x) = 134.659, t(x) = 92.6045, Yintra = 88.3572, Yextra = 180.962, Igx = 519.5"
"x= 520, f(x) = 131.171, t(x) = 90.4398, Yintra = 85.9513, Yextra = 176.391, Igx = 520.5"
"x= 521, f(x) = 127.668, t(x) = 88.2705, Yintra = 83.5332, Yextra = 171.804, Igx = 521.5"
"x= 522, f(x) = 124.151, t(x) = 86.0965, Yintra = 81.1031, Yextra = 167.2, Igx = 522.5"
"x= 523, f(x) = 120.62, t(x) = 83.9179, Yintra = 78.6609, Yextra = 162.579, Igx = 523.5"
"x= 524, f(x) = 117.074, t(x) = 81.7346, Yintra = 76.2066, Yextra = 157.941, Igx = 524.5"
"x= 525, f(x) = 113.514, t(x) = 79.5467, Yintra = 73.7402, Yextra = 153.287, Igx = 525.5"
"x= 526, f(x) = 109.939, t(x) = 77.3541, Yintra = 71.2617, Yextra = 148.616, Igx = 526.5"
"x= 527, f(x) = 106.35, t(x) = 75.1568, Yintra = 68.7712, Yextra = 143.928, Igx = 527.5"
"x= 528, f(x) = 102.746, t(x) = 72.9548, Yintra = 66.2686, Yextra = 139.223, Igx = 528.5"
"x= 529, f(x) = 99.1279, t(x) = 70.748, Yintra = 63.7539, Yextra = 134.502, Igx = 529.5"
"x= 530, f(x) = 95.4955, t(x) = 68.5365, Yintra = 61.2273, Yextra = 129.764, Igx = 530.5"
"x= 531, f(x) = 91.8486, t(x) = 66.3202, Yintra = 58.6886, Yextra = 125.009, Igx = 531.5"
"x= 532, f(x) = 88.1874, t(x) = 64.0991, Yintra = 56.1378, Yextra = 120.237, Igx = 532.5"
"x= 533, f(x) = 84.5117, t(x) = 61.8732, Yintra = 53.5751, Yextra = 115.448, Igx = 533.5"
"x= 534, f(x) = 80.8216, t(x) = 59.6425, Yintra = 51.0003, Yextra = 110.643, Igx = 534.5"
"x= 535, f(x) = 77.1171, t(x) = 57.407, Yintra = 48.4136, Yextra = 105.821, Igx = 535.5"
"x= 536, f(x) = 73.3982, t(x) = 55.1667, Yintra = 45.8149, Yextra = 100.982, Igx = 536.5"
"x= 537, f(x) = 69.6649, t(x) = 52.9214, Yintra = 43.2041, Yextra = 96.1256, Igx = 537.5"
"x= 538, f(x) = 65.9171, t(x) = 50.6713, Yintra = 40.5815, Yextra = 91.2528, Igx = 538.5"
"x= 539, f(x) = 62.155, t(x) = 48.4163, Yintra = 37.9468, Yextra = 86.3631, Igx = 539.5"
"x= 540, f(x) = 58.3784, t(x) = 46.1564, Yintra = 35.3002, Yextra = 81.4566, Igx = 540.5"
"x= 541, f(x) = 54.5874, t(x) = 43.8915, Yintra = 32.6416, Yextra = 76.5331, Igx = 541.5"
"x= 542, f(x) = 50.782, t(x) = 41.6217, Yintra = 29.9711, Yextra = 71.5928, Igx = 542.5"
"x= 543, f(x) = 46.9622, t(x) = 39.3469, Yintra = 27.2887, Yextra = 66.6356, Igx = 543.5"
"x= 544, f(x) = 43.1279, t(x) = 37.0671, Yintra = 24.5944, Yextra = 61.6615, Igx = 544.5"
"x= 545, f(x) = 39.2793, t(x) = 34.7824, Yintra = 21.8881, Yextra = 56.6705, Igx = 545.5"
"x= 546, f(x) = 35.4162, t(x) = 32.4925, Yintra = 19.1699, Yextra = 51.6625, Igx = 546.5"
"x= 547, f(x) = 31.5387, t(x) = 30.1977, Yintra = 16.4399, Yextra = 46.6376, Igx = 547.5"
"x= 548, f(x) = 27.6468, t(x) = 27.8978, Yintra = 13.698, Yextra = 41.5957, Igx = 548.5"
"x= 549, f(x) = 23.7405, t(x) = 25.5928, Yintra = 10.9441, Yextra = 36.5369, Igx = 549.5"
"x= 550, f(x) = 19.8198, t(x) = 23.2827, Yintra = 8.17848, Yextra = 31.4612, Igx = 550.5"
"x= 551, f(x) = 15.8847, t(x) = 20.9675, Yintra = 5.40095, Yextra = 26.3684, Igx = 551.5"
"x= 552, f(x) = 11.9351, t(x) = 18.6471, Yintra = 2.61158, Yextra = 21.2587, Igx = 552.5"
"x= 553, f(x) = 7.97117, t(x) = 16.3216, Yintra = -0.189624, Yextra = 16.132, Igx = 553.5"
"x= 554, f(x) = 3.99279, t(x) = 13.9909, Yintra = -3.00265, Yextra = 10.9882, Igx = 554.5"
"x= 555, f(x) = 0, t(x) = 11.655, Yintra = -5.8275, Yextra = 5.8275, Igx = 555.5"
